Patient,20,21,CD20 B cell,CD209+ imm.,CD3 T cell,CD4 T cell,CD44+ str.,CD8 T cell,ColI+ FB,Dendritic cell,FB,FN+ FB,FoxP3 Treg,Macrophage,NK cell,Neutrophil,Pericyte SMA+FB,Quies. str.,Vim+ FB,endothelial
00-13520-8C,,,0.004689942678478374,,,0.18968212610734758,0.0020844189682126106,0.11255862428348098,0.005732152162584679,,0.028139656070870246,,,0.018238665971860343,,,,0.3163105784262637,0.28660760812923397,0.03595622720166754
00-18339-2E,,,0.0,,,0.16507177033492823,0.0,0.08851674641148326,0.007177033492822967,,0.0645933014354067,,,0.03110047846889952,,,,0.3062200956937799,0.3157894736842105,0.0215311004784689
00-25691-4E,,,0.0,,,0.08013217678645188,0.040479140850888065,0.0322180916976456,0.01486988847583643,,0.28831061544816194,,,0.033044196612969846,,,,0.1697645600991326,0.30689797604295743,0.034283353985956215
00-8939-2D,,,0.0,,,0.02197802197802198,0.01098901098901099,0.002997002997002997,0.011988011988011988,,0.04595404595404595,,,0.027972027972027972,,,,0.5294705294705294,0.2907092907092907,0.057942057942057944
01-16333-3D,,,0.0017459038409884501,,,0.21837228041901693,0.0408272898200376,0.282433521353747,0.00026860059092130003,,0.044453397797475154,,,0.15135643298415258,,,,0.08071447757185066,0.11482675261885576,0.06500134300295461
01-20792-3H,,,0.000591715976331361,,,0.22958579881656804,0.027218934911242602,0.06568047337278106,0.000591715976331361,,0.01242603550295858,,,0.14319526627218934,,,,0.11124260355029586,0.38461538461538464,0.02485207100591716
01-22975-1E,,,0.009073233959818535,,,0.32274789371354506,0.011665586519766688,0.09591704471808166,0.023331173039533377,,0.0965651328580687,,,0.057679844458846406,,,,0.20609202851587816,0.1425793907971484,0.034348671419313026
01-24001-1O,,,0.0,,,0.04275092936802974,0.01486988847583643,0.05018587360594796,0.00929368029739777,,0.06691449814126393,,,0.05204460966542751,,,,0.09107806691449814,0.6171003717472119,0.055762081784386616
01-5730-4A,,,0.0,,,0.02262443438914027,0.0011312217194570137,0.0746606334841629,0.0444947209653092,,0.16025641025641027,,,0.032805429864253395,,,,0.027149321266968326,0.6255656108597285,0.011312217194570135
02-5218-4K,,,0.0,,,0.03272450532724505,0.0,0.0167427701674277,0.0,,0.0,,,0.0380517503805175,,,,0.4094368340943683,0.4954337899543379,0.0076103500761035
02-7281-5E,,,0.0,,,0.2206405693950178,0.0,0.0035587188612099642,0.0035587188612099642,,0.0498220640569395,,,0.010676156583629894,,,,0.2846975088967972,0.3736654804270463,0.05338078291814947
02-9184-3G,,,0.00255792958170328,,,0.43560036111947037,0.006470057177249473,0.045741799578693954,0.0,,0.004363526933493831,,,0.2291603972314174,,,,0.11330123382485706,0.14219079145350585,0.020613903099608786
03-12457-2O,,,0.0,,,0.004878048780487805,0.02195121951219512,0.0024390243902439024,0.0,,0.40487804878048783,,,0.00975609756097561,,,,0.1878048780487805,0.348780487804878,0.01951219512195122
03-16197-1F,,,0.0,,,0.020833333333333332,0.020833333333333332,0.0625,0.0,,0.0,,,0.0,,,,0.5,0.3125,0.08333333333333333
03-2396-3C,,,0.0,,,0.04866743916570104,0.002317497103128621,0.04982618771726535,0.0011587485515643105,,0.01738122827346466,,,0.046349942062572425,,,,0.3383545770567787,0.45654692931633833,0.039397450753186555
03-7604-1P,,,0.0,,,0.024922118380062305,0.006230529595015576,0.012461059190031152,0.0,,0.003115264797507788,,,0.040498442367601244,,,,0.5700934579439252,0.308411214953271,0.03426791277258567
05-15168-7B,,,0.0,,,0.3424242424242424,0.006060606060606061,0.07272727272727272,0.03333333333333333,,0.048484848484848485,,,0.021212121212121213,,,,0.03939393939393939,0.3606060606060606,0.07575757575757576
1,0.001869158878504673,,0.001869158878504673,,0.029906542056074768,,,,,,,0.8037383177570093,,0.007476635514018692,,,0.03364485981308411,0.013084112149532711,0.08598130841121496,0.022429906542056073
10,0.0,,0.0046801872074883,,0.0187207488299532,,,,,,,0.46801872074882994,,0.0249609984399376,,,0.0015600624024961,0.23400936037441497,0.21060842433697347,0.0374414976599064
100,0.0,,0.02053231939163498,,0.02053231939163498,,,,,,,0.08288973384030418,,0.2539923954372624,,,0.018250950570342206,0.4068441064638783,0.18935361216730037,0.0076045627376425855
101,0.0,,0.005305039787798408,,0.010610079575596816,,,,,,,0.11671087533156499,,0.0610079575596817,,,0.026525198938992044,0.6843501326259946,0.06631299734748011,0.029177718832891247
103,0.0,,0.0016246953696181965,,0.003249390739236393,,,,,,,0.8740861088545898,,0.003249390739236393,,,0.01462225832656377,0.021121039805036556,0.05848903330625508,0.023558082859463852
104,0.0,,0.0027548209366391185,,0.008264462809917356,,,,,,,0.25068870523415976,,0.05785123966942149,,,0.013774104683195593,0.15702479338842976,0.3608815426997245,0.1487603305785124
106,0.0,,0.007209805335255948,,0.03316510454217736,,,,,,,0.17447728911319393,,0.011535688536409516,,,0.10454217736121124,0.5436193222782985,0.11535688536409516,0.010093727469358327
107,0.0035190615835777126,,0.0005865102639296188,,0.6293255131964809,,,,,,,0.1372434017595308,,0.05161290322580645,,,0.0011730205278592375,0.0780058651026393,0.04105571847507331,0.05747800586510264
108,0.0,,0.0074503311258278145,,0.02152317880794702,,,,,,,0.20612582781456953,,0.1423841059602649,,,0.36423841059602646,0.0347682119205298,0.13079470198675497,0.09271523178807947
109,0.0,,0.0,,0.0008539709649871904,,,,,,,0.41588385994876176,,0.011955593509820665,,,0.03159692570452605,0.21690862510674638,0.31596925704526047,0.006831767719897523
11,0.0,,0.09599395313681028,,0.30309901738473166,,,,,,,0.025699168556311415,,0.055933484504913075,,,0.009826152683295541,0.3885109599395314,0.03552532123960695,0.0854119425547997
110,0.0,,0.002902757619738752,,0.1378809869375907,,,,,,,0.35268505079825835,,0.03918722786647315,,,0.023222060957910014,0.07547169811320754,0.2409288824383164,0.12772133526850507
112,0.0012903225806451613,,0.0025806451612903226,,0.007741935483870968,,,,,,,0.18838709677419355,,0.10838709677419354,,,0.15225806451612903,0.48774193548387096,0.03483870967741935,0.016774193548387096
113,0.0,,0.0,,0.0024968789013732834,,,,,,,0.05181023720349563,,0.1373283395755306,,,0.0149812734082397,0.6754057428214731,0.11298377028714107,0.004993757802746567
114,0.0,,0.01804123711340206,,0.010309278350515464,,,,,,,0.020618556701030927,,0.015463917525773196,,,0.20876288659793815,0.44329896907216493,0.15979381443298968,0.12371134020618557
115,0.0,,0.002368265245707519,,0.056246299585553584,,,,,,,0.06808762581409118,,0.03848431024274719,,,0.011249259917110717,0.1267021906453523,0.38543516873889877,0.3114268798105388
116,0.003562099263832819,,0.06862977914984564,,0.28876751365471387,,,,,,,0.23201139871764426,,0.020660175730230348,,,0.034671099501306105,0.05105675611493707,0.1462835431014011,0.15435763476608882
117,0.0,,0.002127659574468085,,0.01276595744680851,,,,,,,0.00425531914893617,,0.0851063829787234,,,0.00425531914893617,0.6957446808510638,0.11063829787234042,0.0851063829787234
118,0.0,,0.0,,0.005945303210463734,,,,,,,0.38525564803804996,,0.016646848989298454,,,0.04875148632580262,0.10107015457788347,0.31866825208085614,0.12366230677764566
119,0.0,,0.00243605359317905,,0.012180267965895249,,,,,,,0.21315468940316687,,0.00243605359317905,,,0.001218026796589525,0.6772228989037758,0.08160779537149818,0.0097442143727162
12,0.0,,0.04013377926421405,,0.3377926421404682,,,,,,,0.26421404682274247,,0.026755852842809364,,,0.011705685618729096,0.09531772575250837,0.1806020066889632,0.043478260869565216
120,0.0,,0.0012953367875647669,,0.003238341968911917,,,,,,,0.03821243523316062,,0.021373056994818652,,,0.10816062176165803,0.7059585492227979,0.10427461139896373,0.017487046632124352
121,0.0,,0.00395882818685669,,0.013460015835312747,,,,,,,0.05304829770387965,,0.06096595407759303,,,0.07046714172604909,0.6888361045130641,0.09184481393507522,0.01741884402216944
122,0.0,,0.0,,0.0009107468123861566,,,,,,,0.5309653916211293,,0.0018214936247723133,,,0.014571948998178506,0.11202185792349727,0.28051001821493626,0.05919854280510018
123,0.0,,0.0,,0.007692307692307693,,,,,,,0.5923076923076923,,0.04230769230769231,,,0.0038461538461538464,0.27692307692307694,0.038461538461538464,0.038461538461538464
124,0.0,,0.0,,0.0,,,,,,,0.024390243902439025,,0.0,,,0.17682926829268292,0.725609756097561,0.06707317073170732,0.006097560975609756
125,0.0026845637583892616,,0.005369127516778523,,0.028187919463087248,,,,,,,0.47651006711409394,,0.016107382550335572,,,0.04161073825503356,0.14093959731543623,0.22818791946308725,0.06040268456375839
127,0.0,,0.007444168734491315,,0.004962779156327543,,,,,,,0.009925558312655087,,0.004962779156327543,,,0.0024813895781637717,0.5210918114143921,0.22580645161290322,0.22332506203473945
13,0.0,,0.0010090817356205853,,0.0010090817356205853,,,,,,,0.6740665993945509,,0.0010090817356205853,,,0.018163471241170535,0.20887991927346114,0.050454086781029264,0.045408678102926335
130,0.0,,0.0,,0.0009433962264150943,,,,,,,0.1349056603773585,,0.010377358490566037,,,0.045283018867924525,0.5839622641509434,0.22452830188679246,0.0
131,0.0,,0.0,,0.002074688796680498,,,,,,,0.3775933609958506,,0.016597510373443983,,,0.02074688796680498,0.043568464730290454,0.35892116182572614,0.18049792531120332
133,0.0008271298593879239,,0.0033085194375516956,,0.05789909015715467,,,,,,,0.12489660876757651,,0.014061207609594707,,,0.0,0.6815550041356493,0.05789909015715467,0.05955334987593052
134,0.0011655011655011655,,0.05536130536130536,,0.20512820512820512,,,,,,,0.14219114219114218,,0.07459207459207459,,,0.009324009324009324,0.40734265734265734,0.08158508158508158,0.023310023310023312
136,0.0,,0.022400919012062034,,0.08443423319931075,,,,,,,0.024124066628374498,,0.048248133256748996,,,0.20562894887995406,0.4279149913842619,0.167145318782309,0.020103388856978748
137,0.0,,0.04976958525345622,,0.2903225806451613,,,,,,,0.09861751152073733,,0.030414746543778803,,,0.02488479262672811,0.4119815668202765,0.054377880184331796,0.03963133640552995
138,0.0,,0.0007818608287724785,,0.008600469116497263,,,,,,,0.01641907740422205,,0.08991399530883502,,,0.017200938232994525,0.8037529319781079,0.029710711493354185,0.033620015637216574
14,0.00046253469010175765,,0.005087881591119334,,0.1484736355226642,,,,,,,0.034227567067530065,,0.09990749306197964,,,0.018501387604070305,0.23635522664199815,0.24606845513413506,0.21091581868640147
140,0.0,,0.005738880918220947,,0.01721664275466284,,,,,,,0.6886657101865137,,0.03443328550932568,,,0.047345767575322814,0.06169296987087518,0.11908177905308465,0.02582496413199426
142,0.0,,0.046413502109704644,,0.03375527426160337,,,,,,,0.2616033755274262,,0.004219409282700422,,,0.16033755274261605,0.29957805907172996,0.18565400843881857,0.008438818565400843
144,0.0,,0.30002830455703366,,0.3235210868949901,,,,,,,0.06594961788848004,,0.008208321539767903,,,0.03877724313614492,0.16190206623266346,0.07217662043589018,0.02943673931502972
145,0.0,,0.015169194865810968,,0.10968494749124855,,,,,,,0.12427071178529756,,0.043757292882147025,,,0.0011668611435239206,0.49766627771295213,0.09334889148191365,0.11493582263710618
147,0.0,,0.03015075376884422,,0.12060301507537688,,,,,,,0.04020100502512563,,0.07537688442211055,,,0.12562814070351758,0.06532663316582915,0.35678391959798994,0.18592964824120603
148,0.0,,0.029595902105862264,,0.06602162777461583,,,,,,,0.09106431417188389,,0.03870233352305066,,,0.03016505406943654,0.5919180421172453,0.13204325554923166,0.020489470688673878
15,0.00031756113051762465,,0.00952683391552874,,0.29914258494760243,,,,,,,0.006986344871387742,,0.11305176246427437,,,0.006986344871387742,0.0914576055890759,0.2511908542394411,0.22134010797078438
150,0.002255639097744361,,0.0,,0.010526315789473684,,,,,,,0.6969924812030075,,0.24060150375939848,,,0.0007518796992481203,0.009022556390977444,0.018796992481203006,0.021052631578947368
151,0.0,,0.011968085106382979,,0.40691489361702127,,,,,,,0.03590425531914894,,0.03590425531914894,,,0.007978723404255319,0.13031914893617022,0.041223404255319146,0.32978723404255317
153,0.0,,0.0,,0.020192307692307693,,,,,,,0.5663461538461538,,0.04038461538461539,,,0.022115384615384617,0.1201923076923077,0.19807692307692307,0.032692307692307694
154,0.0,,0.0,,0.0014204545454545455,,,,,,,0.2372159090909091,,0.015625,,,0.02556818181818182,0.5198863636363636,0.19744318181818182,0.002840909090909091
155,0.0,,0.0760039827414537,,0.10222369731164951,,,,,,,0.02190507799535347,,0.0019913707268503153,,,0.001659475605708596,0.6226352472618653,0.01659475605708596,0.1569863923000332
156,0.0,,0.0,,0.0,,,,,,,0.19471947194719472,,0.009900990099009901,,,0.1716171617161716,0.5115511551155115,0.0594059405940594,0.052805280528052806
157,0.0058309037900874635,,0.011661807580174927,,0.07871720116618076,,,,,,,0.43731778425655976,,0.03206997084548105,,,0.04081632653061224,0.16034985422740525,0.21865889212827988,0.014577259475218658
159,0.0,,0.004518072289156626,,0.03162650602409638,,,,,,,0.17093373493975902,,0.004518072289156626,,,0.12650602409638553,0.46987951807228917,0.1716867469879518,0.02033132530120482
16,0.0,,0.0,,0.010869565217391304,,,,,,,0.17028985507246377,,0.0036231884057971015,,,0.08695652173913043,0.572463768115942,0.15217391304347827,0.0036231884057971015
160,0.0,,0.0013966480446927375,,0.006983240223463687,,,,,,,0.2807262569832402,,0.0111731843575419,,,0.05027932960893855,0.5502793296089385,0.06564245810055866,0.0335195530726257
161,0.0007558578987150416,,0.0,,0.010582010582010581,,,,,,,0.08767951625094482,,0.07256235827664399,,,0.07482993197278912,0.381708238851096,0.31519274376417233,0.05668934240362812
163,0.0,,0.0,,0.023059617547806523,,,,,,,0.39595050618672667,,0.00281214848143982,,,0.003374578177727784,0.4831271091113611,0.06017997750281215,0.031496062992125984
164,0.0,,0.0,,0.0010741138560687433,,,,,,,0.9108485499462943,,0.00322234156820623,,,0.0021482277121374865,0.00966702470461869,0.06015037593984962,0.01288936627282492
165,0.0009345794392523365,,0.010280373831775701,,0.07850467289719626,,,,,,,0.4635514018691589,,0.05794392523364486,,,0.025233644859813085,0.10654205607476636,0.2046728971962617,0.052336448598130844
166,0.0,,0.0,,0.007616974972796518,,,,,,,0.1969532100108814,,0.03373231773667029,,,0.013057671381936888,0.31229597388465724,0.3710554951033732,0.06528835690968444
168,0.0008176614881439084,,0.006541291905151268,,0.022076860179885527,,,,,,,0.2583810302534751,,0.014717906786590351,,,0.0024529844644317253,0.5551921504497138,0.07686017988552739,0.06295993458708095
169,0.0,,0.0028089887640449437,,0.0056179775280898875,,,,,,,0.09831460674157304,,0.020599250936329586,,,0.05149812734082397,0.7069288389513109,0.10112359550561797,0.013108614232209739
17,0.0013175230566534915,,0.002635046113306983,,0.015810276679841896,,,,,,,0.3359683794466403,,0.052700922266139656,,,0.10013175230566534,0.043478260869565216,0.32674571805006586,0.12121212121212122
170,0.0,,0.0018248175182481751,,0.0018248175182481751,,,,,,,0.8667883211678832,,0.016423357664233577,,,0.0036496350364963502,0.0,0.04562043795620438,0.06386861313868614
171,0.0,,0.0,,0.010821133036282623,,,,,,,0.12030553787396563,,0.0038192234245703373,,,0.01782304264799491,0.7084659452577976,0.0732017823042648,0.06556333545512412
172,0.0,,0.0,,0.002197802197802198,,,,,,,0.11098901098901098,,0.001098901098901099,,,0.006593406593406593,0.721978021978022,0.14725274725274726,0.00989010989010989
174,0.0,,0.001736111111111111,,0.013888888888888888,,,,,,,0.08680555555555555,,0.029513888888888888,,,0.11458333333333333,0.6284722222222222,0.1111111111111111,0.013888888888888888
176,0.0,,0.0006199628022318661,,0.0043397396156230625,,,,,,,0.0006199628022318661,,0.0043397396156230625,,,0.069435833849969,0.6683199008059516,0.1314321140731556,0.12089274643521389
178,0.0,,0.008665511265164644,,0.0034662045060658577,,,,,,,0.11611785095320624,,0.0,,,0.01733102253032929,0.7001733102253033,0.14038128249566725,0.01386481802426343
179,0.0,,0.011944260119442602,,0.36828135368281356,,,,,,,0.0411413404114134,,0.0325149303251493,,,0.0,0.0902455209024552,0.19907100199071,0.25680159256801594
18,0.0,,0.001658374792703151,,0.008291873963515755,,,,,,,0.001658374792703151,,0.004975124378109453,,,0.05472636815920398,0.8192371475953566,0.0912106135986733,0.01824212271973466
180,0.001364256480218281,,0.001364256480218281,,0.13096862210095497,,,,,,,0.3042291950886767,,0.0286493860845839,,,0.01227830832196453,0.12687585266030013,0.10914051841746249,0.28512960436562074
182,0.0,,0.0,,0.0,,,,,,,0.2409090909090909,,0.025,,,0.03636363636363636,0.5204545454545455,0.17272727272727273,0.004545454545454545
183,0.0009140767824497258,,0.02010968921389397,,0.03473491773308958,,,,,,,0.18555758683729434,,0.013711151736745886,,,0.019195612431444242,0.5859232175502742,0.12522851919561243,0.014625228519195612
184,0.0,,0.1627643504531722,,0.18693353474320243,,,,,,,0.034365558912386705,,0.011706948640483383,,,0.005287009063444109,0.5351208459214502,0.043429003021148035,0.02039274924471299
186,0.0,,0.01722972972972973,,0.35945945945945945,,,,,,,0.018243243243243244,,0.1837837837837838,,,0.006081081081081081,0.23817567567567569,0.11047297297297297,0.06655405405405405
187,0.0,,0.0,,0.0,,,,,,,0.39705882352941174,,0.0,,,0.03676470588235294,0.5147058823529411,0.051470588235294115,0.0
188,0.0,,0.0,,0.004728132387706856,,,,,,,0.5106382978723404,,0.04491725768321513,,,0.010638297872340425,0.1690307328605201,0.25177304964539005,0.008274231678486997
189,0.0,,0.0,,0.0031965903036760787,,,,,,,0.05647309536494406,,0.009589770911028236,,,0.020245071923281833,0.8204581779435269,0.06659563132658497,0.023441662226957913
19,0.0,,0.0,,0.001440922190201729,,,,,,,0.18659942363112392,,0.0223342939481268,,,0.09005763688760807,0.5886167146974063,0.0893371757925072,0.021613832853025938
190,0.0,,0.0049504950495049506,,0.10891089108910891,,,,,,,0.27821782178217824,,0.027722772277227723,,,0.019801980198019802,0.3594059405940594,0.18217821782178217,0.01881188118811881
191,0.0,,0.0,,0.10047281323877069,,,,,,,0.0,,0.21394799054373523,,,0.0,0.20094562647754138,0.26713947990543735,0.21749408983451538
192,0.0,,0.0019047619047619048,,0.012380952380952381,,,,,,,0.009523809523809525,,0.010476190476190476,,,0.31333333333333335,0.2714285714285714,0.33904761904761904,0.0419047619047619
193,0.0007027406886858749,,0.007027406886858749,,0.08081517919887561,,,,,,,0.0758959943780745,,0.06113843991567112,,,0.0035137034434293743,0.16092761770906536,0.4448348559381588,0.1651440618411806
194,0.0,,0.04230769230769231,,0.019230769230769232,,,,,,,0.698076923076923,,0.04038461538461539,,,0.023076923076923078,0.011538461538461539,0.13846153846153847,0.026923076923076925
196,0.002638522427440633,,0.002638522427440633,,0.051451187335092345,,,,,,,0.01978891820580475,,0.10026385224274406,,,0.09234828496042216,0.6226912928759895,0.10158311345646438,0.006596306068601583
198,0.0,,0.008344923504867872,,0.012517385257301807,,,,,,,0.022253129346314324,,0.055632823365785816,,,0.009735744089012517,0.7691237830319889,0.0917941585535466,0.030598052851182198
199,0.001890359168241966,,0.001890359168241966,,0.020793950850661626,,,,,,,0.30812854442344045,,0.015122873345935728,,,0.001890359168241966,0.1502835538752363,0.444234404536862,0.055765595463137994
2,0.0,,0.0030911901081916537,,0.03786707882534776,,,,,,,0.20942812982998454,,0.03709428129829984,,,0.0061823802163833074,0.43508500772797526,0.23261205564142196,0.03863987635239567
200,0.010101010101010102,,0.00202020202020202,,0.10707070707070707,,,,,,,0.46464646464646464,,0.03838383838383838,,,0.03232323232323232,0.18585858585858586,0.13333333333333333,0.026262626262626262
201,0.0,,0.000687757909215956,,0.019944979367262722,,,,,,,0.31980742778541954,,0.011004126547455296,,,0.13342503438789546,0.052269601100412656,0.3294360385144429,0.13342503438789546
202,0.0,,0.006696428571428571,,0.014508928571428572,,,,,,,0.32254464285714285,,0.03571428571428571,,,0.04241071428571429,0.022321428571428572,0.4609375,0.09486607142857142
205,0.00528169014084507,,0.0035211267605633804,,0.051056338028169015,,,,,,,0.3204225352112676,,0.14084507042253522,,,0.04401408450704225,0.07394366197183098,0.31866197183098594,0.04225352112676056
206,0.0,,0.006711409395973154,,0.06174496644295302,,,,,,,0.052348993288590606,,0.0026845637583892616,,,0.33557046979865773,0.4348993288590604,0.10067114093959731,0.005369127516778523
207,0.0,,0.0008904719501335708,,0.015138023152270703,,,,,,,0.5547640249332146,,0.019590382902938557,,,0.048975957257346395,0.12021371326803205,0.15138023152270705,0.08904719501335707
208,0.0,,0.0011074197120708748,,0.005537098560354375,,,,,,,0.592469545957918,,0.006644518272425249,,,0.028792912513842746,0.12292358803986711,0.15725359911406422,0.08527131782945736
209,0.0,,0.0015822784810126582,,0.0031645569620253164,,,,,,,0.2879746835443038,,0.01740506329113924,,,0.07436708860759493,0.30063291139240506,0.2974683544303797,0.01740506329113924
21,0.0,,0.013414634146341463,,0.05853658536585366,,,,,,,0.3304878048780488,,0.045121951219512194,,,0.0012195121951219512,0.09634146341463415,0.36829268292682926,0.08658536585365853
210,0.0,,0.0008305647840531562,,0.004152823920265781,,,,,,,0.1818936877076412,,0.01744186046511628,,,0.10132890365448505,0.5614617940199336,0.0872093023255814,0.04568106312292359
211,0.0,,0.0,,0.051470588235294115,,,,,,,0.29705882352941176,,0.041176470588235294,,,0.0,0.5,0.058823529411764705,0.051470588235294115
213,0.0,,0.0029985007496251873,,0.004497751124437781,,,,,,,0.7811094452773614,,0.025487256371814093,,,0.022488755622188907,0.020989505247376312,0.12743628185907047,0.014992503748125937
214,0.0,,0.0,,0.003968253968253968,,,,,,,0.626984126984127,,0.012896825396825396,,,0.060515873015873016,0.16170634920634921,0.13095238095238096,0.002976190476190476
215,0.0,,0.0,,0.005176876617773943,,,,,,,0.23209663503019845,,0.22260569456427956,,,0.010353753235547885,0.1630716134598792,0.34167385677308026,0.025021570319240724
216,0.0,,0.00129366106080207,,0.0258732212160414,,,,,,,0.062095730918499355,,0.02069857697283312,,,0.018111254851228976,0.7451487710219923,0.09961190168175937,0.027166882276843468
217,0.0,,0.016227180527383367,,0.06635757751376413,,,,,,,0.027238481599536367,,0.01303969863807592,,,0.12141408287452912,0.5595479571138801,0.18110692552883223,0.015068096203998842
219,0.0,,0.0016863406408094434,,0.016863406408094434,,,,,,,0.3145025295109612,,0.01854974704890388,,,0.12478920741989882,0.3440134907251265,0.13406408094435077,0.045531197301854974
222,0.0012787723785166241,,0.0038363171355498722,,0.026854219948849106,,,,,,,0.07289002557544758,,0.0319693094629156,,,0.18925831202046037,0.4411764705882353,0.12148337595907928,0.11125319693094629
223,0.0,,0.003468208092485549,,0.017341040462427744,,,,,,,0.04277456647398844,,0.058959537572254334,,,0.025433526011560695,0.7167630057803468,0.12254335260115606,0.012716763005780347
224,0.0020876826722338203,,0.14718162839248433,,0.15657620041753653,,,,,,,0.05636743215031315,,0.010438413361169102,,,0.09916492693110647,0.3862212943632568,0.10960334029227557,0.032359081419624215
225,0.0,,0.006,,0.02,,,,,,,0.03,,0.018,,,0.062,0.644,0.11,0.11
226,0.0,,0.00510204081632653,,0.03826530612244898,,,,,,,0.012755102040816327,,0.017857142857142856,,,0.23469387755102042,0.25510204081632654,0.12755102040816327,0.3086734693877551
227,0.0,,0.04148471615720524,,0.06986899563318777,,,,,,,0.23580786026200873,,0.013100436681222707,,,0.026200873362445413,0.44541484716157204,0.16375545851528384,0.004366812227074236
229,0.0,,0.0,,0.00425531914893617,,,,,,,0.05106382978723404,,0.02127659574468085,,,0.0,0.7617021276595745,0.09787234042553192,0.06382978723404255
23,0.0,,0.0021008403361344537,,0.12885154061624648,,,,,,,0.44537815126050423,,0.10084033613445378,,,0.008403361344537815,0.08053221288515407,0.062324929971988796,0.1715686274509804
230,0.0006854009595613434,,0.0,,0.045236463331048665,,,,,,,0.07333790267306374,,0.30637422892392047,,,0.011651816312542838,0.015764222069910898,0.38039753255654557,0.16655243317340646
232,0.0,,0.0,,0.011494252873563218,,,,,,,0.04367816091954023,,0.04482758620689655,,,0.004597701149425287,0.6160919540229886,0.23333333333333334,0.04597701149425287
233,0.0,,0.0,,0.08921161825726141,,,,,,,0.6390041493775933,,0.03319502074688797,,,0.007261410788381743,0.03734439834024896,0.11825726141078838,0.07572614107883817
234,0.0,,0.0,,0.029038112522686024,,,,,,,0.07078039927404718,,0.08348457350272233,,,0.025408348457350273,0.23774954627949182,0.13793103448275862,0.41560798548094374
236,0.0,,0.0,,0.005301524188204109,,,,,,,0.5208747514910537,,0.0006626905235255136,,,0.010603048376408217,0.33001988071570576,0.08482438701126574,0.04771371769383698
237,0.0,,0.0,,0.015262110152621102,,,,,,,0.35832780358327804,,0.0338420703384207,,,0.0165892501658925,0.48241539482415396,0.07498341074983411,0.0185799601857996
238,0.0,,0.0008745080891998251,,0.010056843025797988,,,,,,,0.2728465238303454,,0.043725404459991256,,,0.1884564932225623,0.27678181023174464,0.1674682990817665,0.03979011805859204
24,0.0,,0.0,,0.00408997955010225,,,,,,,0.1574642126789366,,0.002044989775051125,,,0.18813905930470348,0.5930470347648262,0.049079754601226995,0.006134969325153374
240,0.0,,0.0055658627087198514,,0.08905380333951762,,,,,,,0.3098330241187384,,0.011131725417439703,,,0.03153988868274583,0.2560296846011132,0.14842300556586271,0.14842300556586271
241,0.0,,0.0,,0.04269972451790634,,,,,,,0.5454545454545454,,0.02066115702479339,,,0.0,0.06611570247933884,0.01790633608815427,0.3071625344352617
242,0.006796116504854369,,0.003883495145631068,,0.15436893203883495,,,,,,,0.4349514563106796,,0.040776699029126215,,,0.000970873786407767,0.1679611650485437,0.11650485436893204,0.07378640776699029
243,0.0,,0.0020242914979757085,,0.022267206477732792,,,,,,,0.07692307692307693,,0.018218623481781375,,,0.2854251012145749,0.20445344129554655,0.2935222672064777,0.09716599190283401
244,0.0,,0.0005858230814294083,,0.0029291154071470417,,,,,,,0.4007029876977153,,0.015817223198594025,,,0.2601054481546573,0.16403046280023434,0.14001171646162858,0.015817223198594025
245,0.018018018018018018,,0.011583011583011582,,0.12226512226512226,,,,,,,0.16988416988416988,,0.08236808236808237,,,0.015444015444015444,0.2548262548262548,0.22007722007722008,0.10553410553410554
246,0.0,,0.0,,0.035211267605633804,,,,,,,0.15492957746478872,,0.18309859154929578,,,0.035211267605633804,0.2887323943661972,0.15492957746478872,0.14788732394366197
247,0.0,,0.001226241569589209,,0.002452483139178418,,,,,,,0.054567749846719804,,0.12936848559166156,,,0.25199264255058246,0.351931330472103,0.161250766400981,0.04721030042918455
248,0.0,,0.008241758241758242,,0.013736263736263736,,,,,,,0.013736263736263736,,0.03021978021978022,,,0.08241758241758242,0.728021978021978,0.12087912087912088,0.0027472527472527475
25,0.0,,0.0,,0.0061162079510703364,,,,,,,0.03669724770642202,,0.01529051987767584,,,0.09480122324159021,0.6146788990825688,0.22629969418960244,0.0061162079510703364
250,0.0,,0.003464203233256351,,0.008083140877598153,,,,,,,0.2956120092378753,,0.025404157043879907,,,0.07159353348729793,0.2066974595842956,0.3695150115473441,0.019630484988452657
251,0.0,,0.0,,0.002699055330634278,,,,,,,0.17408906882591094,,0.002699055330634278,,,0.08771929824561403,0.6234817813765182,0.10661268556005399,0.002699055330634278
252,0.002150537634408602,,0.001075268817204301,,0.04516129032258064,,,,,,,0.07419354838709677,,0.02903225806451613,,,0.04946236559139785,0.710752688172043,0.07204301075268817,0.016129032258064516
253,0.0,,0.013493253373313344,,0.01199400299850075,,,,,,,0.044977511244377814,,0.0,,,0.34332833583208394,0.41379310344827586,0.1664167916041979,0.005997001499250375
254,0.0,,0.00332667997338656,,0.011310711909514305,,,,,,,0.18363273453093812,,0.01929474384564205,,,0.16899534264803726,0.3925482368596141,0.15036593479707253,0.07052561543579508
256,0.0006381620931716656,,0.0,,0.003190810465858328,,,,,,,0.11104020421186982,,0.04530950861518826,,,0.052967453733248245,0.30887045309508615,0.4409700063816209,0.037013401403956606
257,0.0,,0.0016722408026755853,,0.020066889632107024,,,,,,,0.028428093645484948,,0.14715719063545152,,,0.03511705685618729,0.5652173913043478,0.12040133779264214,0.08193979933110368
258,0.0,,0.009825327510917031,,0.019650655021834062,,,,,,,0.001091703056768559,,0.025109170305676855,,,0.08187772925764192,0.6746724890829694,0.15829694323144106,0.02947598253275109
259,0.0,,0.0027002700270027003,,0.052205220522052204,,,,,,,0.17371737173717372,,0.09540954095409541,,,0.019801980198019802,0.12331233123312331,0.48064806480648065,0.052205220522052204
26,0.0,,0.004424778761061947,,0.004424778761061947,,,,,,,0.5376106194690266,,0.08849557522123894,,,0.004424778761061947,0.08849557522123894,0.25663716814159293,0.015486725663716814
260,0.0017825311942959,,0.0017825311942959,,0.026737967914438502,,,,,,,0.44919786096256686,,0.05169340463458111,,,0.0017825311942959,0.06951871657754011,0.3404634581105169,0.0570409982174688
261,0.0,,0.0007501875468867217,,0.16804201050262565,,,,,,,0.014253563390847712,,0.1485371342835709,,,0.015753938484621154,0.5086271567891973,0.05401350337584396,0.0900225056264066
265,0.0,,0.0,,0.0,,,,,,,0.01282051282051282,,0.02564102564102564,,,0.11538461538461539,0.6025641025641025,0.21794871794871795,0.02564102564102564
267,0.0,,0.0018587360594795538,,0.0055762081784386614,,,,,,,0.16728624535315986,,0.026022304832713755,,,0.046468401486988845,0.5799256505576208,0.15055762081784388,0.022304832713754646
269,0.0,,0.0007369196757553427,,0.004421518054532056,,,,,,,0.18717759764185704,,0.08327192336035372,,,0.23581429624170966,0.27044952100221076,0.1658069270449521,0.05232129697862933
27,0.0021691973969631237,,0.0,,0.0021691973969631237,,,,,,,0.21258134490238612,,0.13449023861171366,,,0.0368763557483731,0.28199566160520606,0.23644251626898047,0.09327548806941431
270,0.0018726591760299626,,0.0018726591760299626,,0.250936329588015,,,,,,,0.25374531835205993,,0.035580524344569285,,,0.0,0.21722846441947566,0.0749063670411985,0.16385767790262173
272,0.0007955449482895784,,0.0007955449482895784,,0.03818615751789976,,,,,,,0.1949085123309467,,0.046937151949085126,,,0.00477326968973747,0.06205250596658711,0.6054097056483692,0.046141607000795545
274,0.0,,0.00510204081632653,,0.03826530612244898,,,,,,,0.4362244897959184,,0.002551020408163265,,,0.0663265306122449,0.3647959183673469,0.08163265306122448,0.00510204081632653
276,0.0,,0.002178649237472767,,0.05010893246187364,,,,,,,0.10021786492374728,,0.04139433551198257,,,0.0196078431372549,0.4074074074074074,0.12418300653594772,0.2549019607843137
28,0.0,,0.00041425020712510354,,0.004971002485501243,,,,,,,0.1267605633802817,,0.028583264291632146,,,0.28417564208782103,0.20381110190555096,0.32021541010770505,0.03106876553438277
282,0.0,,0.0,,0.003787878787878788,,,,,,,0.12878787878787878,,0.03598484848484849,,,0.007575757575757576,0.20833333333333334,0.5227272727272727,0.0928030303030303
283,0.0,,0.001092896174863388,,0.08633879781420765,,,,,,,0.03169398907103825,,0.015300546448087432,,,0.007650273224043716,0.7956284153005464,0.04262295081967213,0.019672131147540985
284,0.0,,0.01308139534883721,,0.1308139534883721,,,,,,,0.2936046511627907,,0.09011627906976744,,,0.03197674418604651,0.24563953488372092,0.13226744186046513,0.0625
285,0.0,,0.0,,0.002886002886002886,,,,,,,0.7691197691197691,,0.06637806637806638,,,0.01443001443001443,0.05772005772005772,0.07936507936507936,0.010101010101010102
29,0.0,,0.0,,0.0037313432835820895,,,,,,,0.041044776119402986,,0.0,,,0.0,0.9253731343283582,0.029850746268656716,0.0
3,0.0,,0.001184834123222749,,0.011848341232227487,,,,,,,0.5071090047393365,,0.07701421800947868,,,0.0071090047393364926,0.037914691943127965,0.34360189573459715,0.014218009478672985
31,0.0,,0.0007604562737642585,,0.0,,,,,,,0.19391634980988592,,0.0045627376425855515,,,0.05855513307984791,0.6448669201520912,0.09201520912547528,0.00532319391634981
33,0.0,,0.05997693194925029,,0.2095347943098808,,,,,,,0.02191464821222607,,0.06189926951172626,,,0.0019223375624759708,0.21299500192233756,0.27989234909650135,0.1518646674356017
34,0.0,,0.0,,0.01899441340782123,,,,,,,0.6044692737430167,,0.035754189944134075,,,0.02011173184357542,0.08156424581005586,0.22905027932960895,0.01005586592178771
37,0.0,,0.0,,0.015037593984962405,,,,,,,0.06315789473684211,,0.04661654135338346,,,0.03308270676691729,0.4105263157894737,0.3744360902255639,0.05714285714285714
38,0.0,,0.0,,0.016129032258064516,,,,,,,0.018433179723502304,,0.39631336405529954,,,0.0,0.01152073732718894,0.0,0.5576036866359447
39,0.0,,0.0011695906432748538,,0.0152046783625731,,,,,,,0.5567251461988304,,0.026900584795321637,,,0.012865497076023392,0.19415204678362574,0.11695906432748537,0.07602339181286549
4,0.0,,0.0,,0.0,,,,,,,0.9369538077403246,,0.010611735330836454,,,0.0,0.004369538077403246,0.02247191011235955,0.025593008739076155
40,0.0,,0.005970149253731343,,0.046766169154228855,,,,,,,0.12238805970149254,,0.014925373134328358,,,0.06965174129353234,0.4955223880597015,0.19800995024875623,0.046766169154228855
41,0.0,,0.0,,0.0014925373134328358,,,,,,,0.19402985074626866,,0.010447761194029851,,,0.07462686567164178,0.37910447761194027,0.3328358208955224,0.007462686567164179
42,0.0,,0.0,,0.004024144869215292,,,,,,,0.05835010060362173,,0.06237424547283702,,,0.09054325955734406,0.4869215291750503,0.22736418511066397,0.07042253521126761
43,0.002506265664160401,,0.1111111111111111,,0.441938178780284,,,,,,,0.01921470342522974,,0.04177109440267335,,,0.01086048454469507,0.24394319131161235,0.0960735171261487,0.03258145363408521
44,0.0011111111111111111,,0.0,,0.035555555555555556,,,,,,,0.3022222222222222,,0.06333333333333334,,,0.06444444444444444,0.2288888888888889,0.13333333333333333,0.1711111111111111
45,0.0,,0.0,,0.011857707509881422,,,,,,,0.015810276679841896,,0.019762845849802372,,,0.001976284584980237,0.8557312252964426,0.045454545454545456,0.04940711462450593
46,0.0,,0.005257623554153523,,0.07886435331230283,,,,,,,0.05362776025236593,,0.050473186119873815,,,0.002103049421661409,0.6740273396424816,0.09989484752891693,0.035751840168243953
47,0.0,,0.0006858710562414266,,0.037037037037037035,,,,,,,0.3100137174211248,,0.13717421124828533,,,0.003429355281207133,0.029492455418381344,0.4272976680384088,0.05486968449931413
48,0.0,,0.0027739251040221915,,0.0013869625520110957,,,,,,,0.03467406380027739,,0.11095700416088766,,,0.0,0.7614424410540915,0.044382801664355064,0.044382801664355064
50,0.0,,0.0,,0.0691114245416079,,,,,,,0.25011753643629525,,0.009873060648801129,,,0.027268453220498354,0.10672308415608839,0.09120827456511518,0.44569816643159377
51,0.0,,0.0014265335235378032,,0.008559201141226819,,,,,,,0.19543509272467904,,0.1783166904422254,,,0.008559201141226819,0.5206847360912982,0.06562054208273894,0.021398002853067047
53,0.0,,0.003006012024048096,,0.002004008016032064,,,,,,,0.33266533066132264,,0.017034068136272545,,,0.050100200400801605,0.5290581162324649,0.052104208416833664,0.014028056112224449
54,0.000791765637371338,,0.0,,0.004750593824228029,,,,,,,0.0166270783847981,,0.043547110055423596,,,0.10926365795724466,0.7110055423594616,0.05859065716547902,0.055423594615993665
55,0.0,,0.0026845637583892616,,0.008053691275167786,,,,,,,0.7006711409395974,,0.028187919463087248,,,0.009395973154362415,0.11275167785234899,0.12751677852348994,0.010738255033557046
56,0.0,,0.008005336891260841,,0.03268845897264843,,,,,,,0.1180787191460974,,0.02334889926617745,,,0.01467645096731154,0.7391594396264176,0.05670446964643095,0.00733822548365577
57,0.0,,0.05555555555555555,,0.07530864197530865,,,,,,,0.1111111111111111,,0.0012345679012345679,,,0.145679012345679,0.4777777777777778,0.10617283950617284,0.027160493827160494
58,0.0,,0.03816793893129771,,0.1628498727735369,,,,,,,0.011450381679389313,,0.043256997455470736,,,0.021628498727735368,0.6361323155216285,0.05343511450381679,0.03307888040712468
59,0.0,,0.0010548523206751054,,0.002109704641350211,,,,,,,0.006329113924050633,,0.027426160337552744,,,0.008438818565400843,0.7278481012658228,0.09915611814345991,0.12763713080168776
6,0.0,,0.038461538461538464,,0.04,,,,,,,0.36153846153846153,,0.015384615384615385,,,0.13076923076923078,0.18769230769230769,0.19692307692307692,0.02923076923076923
60,0.0,,0.0,,0.0035398230088495575,,,,,,,0.2884955752212389,,0.03716814159292035,,,0.16991150442477876,0.16283185840707964,0.3238938053097345,0.01415929203539823
61,0.0006165228113440197,,0.0030826140567200987,,0.007398273736128237,,,,,,,0.03884093711467324,,0.3958076448828607,,,0.02836004932182491,0.33353884093711467,0.17879161528976573,0.013563501849568433
63,0.0,,0.0029069767441860465,,0.01744186046511628,,,,,,,0.3168604651162791,,0.014534883720930232,,,0.02616279069767442,0.38953488372093026,0.1511627906976744,0.08139534883720931
64,0.0,,0.026907630522088354,,0.06506024096385542,,,,,,,0.04136546184738956,,0.09437751004016064,,,0.020883534136546186,0.44538152610441767,0.21887550200803213,0.08714859437751005
67,0.0,,0.03623949579831933,,0.2542016806722689,,,,,,,0.210609243697479,,0.06407563025210083,,,0.007352941176470588,0.08298319327731092,0.2935924369747899,0.050945378151260504
68,0.0,,0.005226480836236934,,0.003484320557491289,,,,,,,0.44860627177700346,,0.01916376306620209,,,0.10627177700348432,0.13850174216027875,0.23780487804878048,0.040940766550522645
7,0.0,,0.0006622516556291391,,0.003973509933774834,,,,,,,0.10662251655629139,,0.0,,,0.015231788079470199,0.8291390728476821,0.04039735099337748,0.003973509933774834
70,0.0,,0.00449582530507386,,0.06551059730250482,,,,,,,0.029543994861913937,,0.03468208092485549,,,0.0038535645472061657,0.7129094412331407,0.14193962748876043,0.007064868336544637
71,0.0,,0.0,,0.0012484394506866417,,,,,,,0.2858926342072409,,0.003745318352059925,,,0.003745318352059925,0.5980024968789014,0.03745318352059925,0.06991260923845194
72,0.0,,0.0,,0.017142857142857144,,,,,,,0.43142857142857144,,0.13428571428571429,,,0.007142857142857143,0.15285714285714286,0.23142857142857143,0.025714285714285714
73,0.0,,0.013848396501457727,,0.11151603498542274,,,,,,,0.12026239067055394,,0.06997084548104957,,,0.013848396501457727,0.2755102040816326,0.3462099125364432,0.048833819241982504
74,0.0,,0.005780346820809248,,0.011560693641618497,,,,,,,0.14450867052023122,,0.1791907514450867,,,0.17341040462427745,0.057803468208092484,0.3352601156069364,0.09248554913294797
75,0.004259850905218318,,0.1501597444089457,,0.3503727369542066,,,,,,,0.06070287539936102,,0.042598509052183174,,,0.027689030883919063,0.15122470713525027,0.11182108626198083,0.10117145899893504
77,0.0025252525252525255,,0.003367003367003367,,0.013468013468013467,,,,,,,0.30134680134680136,,0.007575757575757576,,,0.0,0.3653198653198653,0.3063973063973064,0.0
8,0.0006811989100817438,,0.0020435967302452314,,0.006811989100817439,,,,,,,0.3630790190735695,,0.12057220708446867,,,0.019754768392370572,0.0946866485013624,0.3726158038147139,0.019754768392370572
80,0.0,,0.0005797101449275362,,0.002898550724637681,,,,,,,0.32,,0.011014492753623189,,,0.04115942028985507,0.312463768115942,0.22144927536231884,0.09043478260869565
81,0.0,,0.0,,0.0,,,,,,,0.5444234404536862,,0.007561436672967864,,,0.05860113421550094,0.23440453686200377,0.15311909262759923,0.001890359168241966
82,0.0005433306166802499,,0.016843249117087747,,0.15892420537897312,,,,,,,0.02852485737571312,,0.017929910350448247,,,0.004618310241782124,0.6460201032328172,0.028253192067372996,0.09834284161912524
83,0.0002894356005788712,,0.035021707670043416,,0.2361794500723589,,,,,,,0.04052098408104197,,0.030101302460202605,,,0.0914616497829233,0.4092619392185239,0.13487698986975397,0.022286541244573084
84,0.0,,0.07848837209302326,,0.10562015503875968,,,,,,,0.06201550387596899,,0.0029069767441860465,,,0.0048449612403100775,0.6405038759689923,0.04844961240310078,0.05717054263565891
86,0.0,,0.0032679738562091504,,0.004901960784313725,,,,,,,0.18790849673202614,,0.02287581699346405,,,0.013071895424836602,0.6323529411764706,0.08333333333333333,0.05228758169934641
87,0.0,,0.0,,0.0018832391713747645,,,,,,,0.71939736346516,,0.013182674199623353,,,0.0696798493408663,0.018832391713747645,0.160075329566855,0.01694915254237288
89,0.0,,0.0012453300124533001,,0.0410958904109589,,,,,,,0.0024906600249066002,,0.2696139476961395,,,0.16376089663760895,0.4900373599003736,0.0273972602739726,0.0043586550435865505
9,0.0,,0.0,,0.0043859649122807015,,,,,,,0.46271929824561403,,0.017543859649122806,,,0.03508771929824561,0.21271929824561403,0.24780701754385964,0.019736842105263157
90-13787-A,,,0.007716590669940372,,,0.2725359522974395,0.002104524728165556,0.045247281655559454,0.0,,0.00175377060680463,,,0.031217116801122415,,,,0.16766047001052262,0.47001052262364085,0.00175377060680463
90-21775-1C,,,0.0012547051442910915,,,0.029903805938937683,0.0671267252195734,0.01547469677959013,0.6994981179422836,,0.11606022584692598,,,0.002091175240485153,,,,0.005018820577164366,0.02132998745294856,0.04224173985780008
90-526-2M,,,0.0004391743522178305,,,0.1080368906455863,0.010979358805445762,0.016249451032059728,0.0004391743522178305,,0.01756697408871322,,,0.0922266139657444,,,,0.16644707949055776,0.5849802371541502,0.002635046113306983
90-8392-1A,,,0.0003812428516965307,,,0.2337018680899733,0.05375524208921083,0.06843309187952726,0.0,,0.03373999237514297,,,0.11704155547083492,,,,0.09073579870377431,0.39916126572626764,0.0030499428135722455
91,0.0,,0.0,,0.0035419126328217238,,,,,,,0.6623376623376623,,0.023612750885478158,,,0.0,0.07674144037780402,0.18890200708382526,0.0448642266824085
91-14419-FSC,,,0.0,,,0.02702702702702703,0.013513513513513514,0.0,0.0,,0.0,,,0.04054054054054054,,,,0.7702702702702703,0.14864864864864866,0.0
91-19553-2A,,,0.001968503937007874,,,0.12401574803149606,0.000984251968503937,0.007874015748031496,0.000984251968503937,,0.05216535433070866,,,0.08858267716535433,,,,0.17716535433070865,0.4498031496062992,0.09645669291338582
91-21790-2D,,,0.0,,,0.12082670906200318,0.019077901430842606,0.05087440381558029,0.000794912559618442,,0.001589825119236884,,,0.06041335453100159,,,,0.1359300476947536,0.589825119236884,0.02066772655007949
91-4045-F,,,0.0005257623554153522,,,0.1377497371188223,0.00473186119873817,0.08201892744479496,0.0,,0.012092534174553101,,,0.08727655099894847,,,,0.12933753943217666,0.5368033648790747,0.00946372239747634
92-10570-2E,,,0.0006879944960440316,,,0.12727898176814587,0.058135534915720675,0.034055727554179564,0.0,,0.004471964224286206,,,0.07980736154110767,,,,0.2081183350533196,0.48366013071895425,0.003783969728242174
92-16604-B,,,0.00522128294380905,,,0.278468423669816,0.012182993535554451,0.048980606663351564,0.0,,0.0027349577324714074,,,0.01914470412729985,,,,0.5638985579313774,0.06190949776230731,0.007458975634012929
92-20731-A,,,0.004664484451718494,,,0.3067921440261866,0.04288052373158756,0.040589198036006545,0.0,,0.0,,,0.18764320785597383,,,,0.120949263502455,0.2949263502454992,0.0015548281505728314
92-28299-1B,,,0.07860262008733625,,,0.13925278990781173,0.005337214944201844,0.016982047549733138,0.005822416302765648,,0.015041242115477924,,,0.06744298884036876,,,,0.15089762251334304,0.4949053857350801,0.025715672003881612
93-15874-A,,,0.002285341168788769,,,0.12014365001632386,0.02513875285667646,0.031015344433561867,0.0,,0.001632386549134835,,,0.0574600065295462,,,,0.5860267711394058,0.17597126999673524,0.000326477309826967
93-21557-1A,,,0.059430931620009175,,,0.3497016980266177,0.007572280862781092,0.14983937586048646,0.0,,0.0013767783386874712,,,0.07251032583754016,,,,0.09683340982101882,0.26204681046351536,0.0006883891693437356
93-24333-1B,,,0.01102077687443541,,,0.3176151761517615,0.0032520325203252032,0.2917795844625113,0.0,,0.0,,,0.028545618789521228,,,,0.07678410117434507,0.2682926829268293,0.0027100271002710027
93-9531-1A,,,0.0,,,0.0,0.011705685618729096,0.23411371237458195,0.0016722408026755853,,0.026755852842809364,,,0.046822742474916385,,,,0.205685618729097,0.4531772575250836,0.020066889632107024
94,0.0,,0.0,,0.066,,,,,,,0.316,,0.024,,,0.042,0.2,0.263,0.089
94-2575-1B,,,0.0,,,0.0,0.0,0.015151515151515152,0.0,,0.0,,,0.0,,,,0.7348484848484849,0.24242424242424243,0.007575757575757576
94-3557-A,,,0.0,,,0.014511873350923483,0.002638522427440633,0.009234828496042216,0.0395778364116095,,0.16226912928759896,,,0.0079155672823219,,,,0.032981530343007916,0.7308707124010554,0.0
94-6524-1F,,,0.0018842069201781431,,,0.47019527235354575,0.017814319972593355,0.08838643371017471,0.0,,0.008735868448098663,,,0.0842754367934224,,,,0.14131551901336073,0.1695786228160329,0.017814319972593355
94-7523-1B,,,0.0,,,0.0856269113149847,0.009938837920489297,0.017584097859327217,0.0,,0.0040137614678899085,,,0.1420107033639144,,,,0.22438837920489296,0.5009556574923547,0.01548165137614679
95,0.0,,0.0,,0.007789678675754625,,,,,,,0.4595910418695229,,0.09250243427458617,,,0.043816942551119765,0.044790652385589096,0.3047711781888997,0.04673807205452775
95-12547-3A,,,0.0,,,0.2503635985871598,0.02991896945771868,0.05983793891543736,0.0,,0.008103054228132142,,,0.10617078745065447,,,,0.28028256804487844,0.2628298358612092,0.00249324745480989
96-14307-G,,,0.013559322033898305,,,0.12372881355932204,0.07203389830508475,0.07288135593220339,0.001694915254237288,,0.07457627118644068,,,0.017796610169491526,,,,0.21779661016949153,0.36186440677966103,0.04406779661016949
96-17407-C,,,0.0,,,0.1528627015008338,0.0033351862145636463,0.05113952195664258,0.0005558643690939411,,0.02056698165647582,,,0.030572540300166758,,,,0.1934408004446915,0.40689271817676487,0.1406336853807671
96-9792-1I,,,0.00010908694229300753,,,0.37285916875749975,0.08672411912294098,0.037198647321915565,0.0033816952110832335,,0.027271735573251882,,,0.15981237045925603,,,,0.07516090323988218,0.22722810079633468,0.010254172575542708
97,0.0,,0.0,,0.0,,,,,,,0.17361894024802707,,0.02818489289740699,,,0.014656144306651634,0.23449830890642615,0.52423900789177,0.02480270574971815
97-11719-4D,,,0.0011154489682097045,,,0.27844394868934746,0.07431678750697156,0.02844394868934746,0.012688232013385387,,0.10122699386503067,,,0.15225878416062466,,,,0.043781372002230895,0.2753764640267708,0.03234802007808143
97-15244-1H,,,0.017448856799037304,,,0.40794223826714804,0.05415162454873646,0.01263537906137184,0.0,,0.0048134777376654635,,,0.015643802647412757,,,,0.29001203369434414,0.14139590854392298,0.05595667870036101
97-17471-1D,,,0.0,,,0.009205983889528193,0.005178365937859608,0.01611047180667434,0.10529344073647871,,0.056962025316455694,,,0.013233601841196778,,,,0.006329113924050633,0.7686996547756041,0.0189873417721519
97-19088-2K,,,0.0,,,0.16888045540796964,0.0018975332068311196,0.04933586337760911,0.019924098671726755,,0.14041745730550284,,,0.031309297912713474,,,,0.07115749525616698,0.5028462998102466,0.014231499051233396
97-8115-B,,,0.0,,,0.004987531172069825,0.18952618453865336,0.0024937655860349127,0.0,,0.0,,,0.14214463840399003,,,,0.456359102244389,0.14463840399002495,0.059850374064837904
98,0.0,,0.0,,0.003305785123966942,,,,,,,0.0859504132231405,,0.0049586776859504135,,,0.21818181818181817,0.509090909090909,0.15537190082644628,0.023140495867768594
98-10384-2E,,,0.0,,,0.015723270440251572,0.007861635220125786,0.011292166952544312,0.48813607775871926,,0.046883933676386505,,,0.003001715265866209,,,,0.002715837621497999,0.4073756432246998,0.01700971983990852
98-15913-C,,,0.0,,,0.013089005235602094,0.02281226626776365,0.0018698578908002991,0.002243829468960359,,0.2973074046372476,,,0.0029917726252804786,,,,0.3511593118922962,0.287584143605086,0.020942408376963352
98-22711-1F,,,0.00041597337770382697,,,0.044509151414309486,0.00956738768718802,0.04492512479201331,0.008735440931780365,,0.15973377703826955,,,0.08402662229617304,,,,0.0802828618968386,0.540765391014975,0.027038269550748752
98-9915-4O/N,,,0.05074230002215821,,,0.2548194105916242,0.0551739419454908,0.02614668734766231,0.0,,0.0031021493463328164,,,0.031907821847994684,,,,0.14225570573897628,0.3598493241746067,0.076002658985154
99-23192-1B,,,0.00019157088122605365,,,0.11187739463601533,0.0030651340996168583,0.02586206896551724,0.009386973180076629,,0.2396551724137931,,,0.011685823754789272,,,,0.20191570881226054,0.32375478927203066,0.07260536398467433
99-3530-2D,,,0.1166683678677146,,,0.6334592222108809,0.01694396243748086,0.04440134735122997,0.00010207206287639073,,0.006328467898336226,,,0.01398387261406553,,,,0.0782892722261917,0.07788098397468612,0.011942431356537716
99-6921-F,,,0.0,,,0.16772554002541296,0.14930114358322744,0.025412960609911054,0.0,,0.0044472681067344345,,,0.14930114358322744,,,,0.0781448538754765,0.386277001270648,0.03939008894536213
Apr-64,,,0.0009084714967067908,,,0.2850329320917556,0.006813536225300931,0.07199636611401317,0.01090165796048149,,0.025210084033613446,,,0.05541676129911424,,,,0.006132182602770838,0.30320236202589146,0.23438564615035204
JP-TMA2-1_scene01,,,0.0,,,0.0326605504587156,0.12293577981651377,0.001834862385321101,0.0,,0.0007339449541284404,,,0.06862385321100918,,,,0.13688073394495412,0.5933944954128441,0.04293577981651376
JP-TMA2-1_scene02,,,0.0,,,0.021148036253776436,0.0030211480362537764,0.0055387713997985906,0.0010070493454179255,,0.44813695871097686,,,0.013595166163141994,,,,0.08811681772406849,0.35850956696878145,0.06092648539778449
JP-TMA2-1_scene03,,,0.0015267175572519084,,,0.03206106870229008,0.0061068702290076335,0.04122137404580153,0.07022900763358779,,0.23206106870229007,,,0.0183206106870229,,,,0.37709923664122136,0.0916030534351145,0.1297709923664122
JP-TMA2-1_scene04,,,0.0,,,0.03361344537815126,0.008403361344537815,0.1092436974789916,0.0,,0.0,,,0.05042016806722689,,,,0.5210084033613446,0.19327731092436976,0.08403361344537816
JP-TMA2-1_scene05,,,0.0,,,0.030349013657056147,0.010622154779969651,0.005058168942842691,0.16793120890237734,,0.0738492665655033,,,0.01719777440566515,,,,0.005058168942842691,0.65402124430956,0.035912999494183105
JP-TMA2-1_scene06,,,0.0010395010395010396,,,0.12162162162162163,0.0420997920997921,0.029106029106029108,0.4604989604989605,,0.11174636174636175,,,0.05353430353430354,,,,0.02442827442827443,0.059251559251559255,0.09667359667359668
JP-TMA2-1_scene07,,,0.018570851836899476,,,0.3072264836495761,0.20589422688736375,0.05369398465886153,0.0,,0.016552280985062576,,,0.2410173597093258,,,,0.05853855470327009,0.022607993540573273,0.07589826402906742
JP-TMA2-1_scene08,,,0.0,,,0.02127659574468085,0.005319148936170213,0.09042553191489362,0.0,,0.06382978723404255,,,0.3191489361702128,,,,0.2553191489361702,0.22872340425531915,0.015957446808510637
JP-TMA2-1_scene09,,,0.0012303906490310674,,,0.015379883112888341,0.21777914487849892,0.002153183635804368,0.1707167025530606,,0.3515841279606275,,,0.0,,,,0.031067363888034452,0.18794217163949553,0.02214703168255921
JP-TMA2-1_scene10,,,0.001819599688068625,,,0.03769170782427866,0.0028593709383935534,0.003899142188718482,0.5362620223550819,,0.31842994541200936,,,0.024174681570054587,,,,0.01221731219131791,0.03665193657395373,0.02599428125812321
JP-TMA2-1_scene11,,,0.001001401962747847,,,0.0935309433206489,0.8301622271179652,0.039254956939715605,0.0,,0.0012016823552974164,,,0.0018025235329461246,,,,0.0014019627478469858,0.01001401962747847,0.021630282395353494
JP-TMA2-1_scene12,,,0.0,,,0.0449438202247191,0.11610486891385768,0.13108614232209737,0.0,,0.003745318352059925,,,0.011235955056179775,,,,0.4606741573033708,0.2247191011235955,0.00749063670411985
JP-TMA2-1_scene13,,,0.0,,,0.07033898305084746,0.00847457627118644,0.030508474576271188,0.0,,0.005932203389830509,,,0.0847457627118644,,,,0.32033898305084746,0.4152542372881356,0.06440677966101695
JP-TMA2-1_scene14,,,0.0007830853563038371,,,0.0274079874706343,0.0,0.01957713390759593,0.0,,0.07674236491777604,,,0.02192638997650744,,,,0.6397807361002349,0.15974941268598278,0.05403288958496476
JP-TMA2-1_scene15,,,0.09995404411764706,,,0.25965073529411764,0.4046415441176471,0.06410845588235294,0.00022977941176470588,,0.008731617647058824,,,0.07996323529411764,,,,0.022518382352941176,0.003446691176470588,0.05675551470588235
JP-TMA2-1_scene16,,,0.0,,,0.011194029850746268,0.022388059701492536,0.007462686567164179,0.585820895522388,,0.1287313432835821,,,0.1921641791044776,,,,0.0037313432835820895,0.03544776119402985,0.013059701492537313
JP-TMA2-1_scene17,,,0.026954177897574125,,,0.431266846361186,0.024932614555256066,0.09838274932614555,0.0,,0.0,,,0.1509433962264151,,,,0.0963611859838275,0.09231805929919137,0.07884097035040431
JP-TMA2-1_scene18,,,0.0013477088948787063,,,0.444743935309973,0.06873315363881402,0.04851752021563342,0.0,,0.014824797843665768,,,0.18328840970350405,,,,0.12264150943396226,0.03504043126684636,0.08086253369272237
JP-TMA2-1_scene19,,,0.0009950248756218905,,,0.22711442786069652,0.27238805970149255,0.002736318407960199,0.03507462686567164,,0.3074626865671642,,,0.04875621890547264,,,,0.04228855721393035,0.010447761194029851,0.0527363184079602
JP-TMA2-1_scene20,,,0.0,,,0.03626943005181347,0.3160621761658031,0.0017271157167530224,0.17271157167530224,,0.3436960276338515,,,0.0017271157167530224,,,,0.0,0.06217616580310881,0.06563039723661486
JP-TMA2-1_scene21,,,0.0425531914893617,,,0.15602836879432624,0.0035460992907801418,0.12056737588652482,0.0035460992907801418,,0.028368794326241134,,,0.028368794326241134,,,,0.12056737588652482,0.41134751773049644,0.0851063829787234
JP-TMA2-1_scene22,,,0.02085308056872038,,,0.2729857819905213,0.10710900473933649,0.02085308056872038,0.0,,0.07962085308056872,,,0.026540284360189573,,,,0.06635071090047394,0.027488151658767772,0.37819905213270144
JP-TMA2-1_scene23,,,0.0,,,0.07151515151515152,0.12,0.006060606060606061,0.0,,0.1393939393939394,,,0.13696969696969696,,,,0.4315151515151515,0.06909090909090909,0.025454545454545455
JP-TMA2-1_scene24,,,0.0,,,0.5423497267759563,0.09289617486338798,0.06967213114754098,0.0,,0.004098360655737705,,,0.0942622950819672,,,,0.05327868852459016,0.001366120218579235,0.14207650273224043
JP-TMA2-1_scene25,,,0.0006493506493506494,,,0.05194805194805195,0.09935064935064936,0.02012987012987013,0.0,,0.0,,,0.025324675324675326,,,,0.29675324675324677,0.45584415584415583,0.05
JP-TMA2-1_scene26,,,0.09400444115470022,,,0.307920059215396,0.003700962250185048,0.037009622501850484,0.0,,0.0029607698001480384,,,0.02072538860103627,,,,0.3271650629163583,0.16284233900814213,0.043671354552183565
JP-TMA2-1_scene27,,,0.0,,,0.037037037037037035,0.0,0.0,0.07407407407407407,,0.0,,,0.0,,,,0.18518518518518517,0.2962962962962963,0.4074074074074074
JP-TMA2-1_scene28,,,0.010576923076923078,,,0.45865384615384613,0.047115384615384615,0.009615384615384616,0.0,,0.009615384615384616,,,0.009615384615384616,,,,0.27115384615384613,0.10192307692307692,0.08173076923076923
JP-TMA2-1_scene29,,,0.006004366812227074,,,0.1648471615720524,0.007641921397379912,0.04421397379912664,0.0,,0.04585152838427948,,,0.0851528384279476,,,,0.12172489082969433,0.47489082969432317,0.04967248908296943
JP-TMA2-1_scene30,,,0.0,,,0.09588477366255144,0.14609053497942387,0.008641975308641974,0.0024691358024691358,,0.29876543209876544,,,0.02139917695473251,,,,0.07037037037037037,0.3333333333333333,0.023045267489711935
JP-TMA2-1_scene31,,,0.011016682404784388,,,0.18948693736229147,0.025495750708215296,0.05854579792256846,0.14951211835064526,,0.37267862763613474,,,0.019200503619767075,,,,0.003462385898646522,0.09442870632672333,0.07617248977022348
JP-TMA2-1_scene32,,,0.0020429009193054137,,,0.1797752808988764,0.07865168539325842,0.16853932584269662,0.0,,0.02349336057201226,,,0.005107252298263534,,,,0.4024514811031665,0.13585291113381,0.0040858018386108275
JP-TMA2-1_scene33,,,0.001998001998001998,,,0.06793206793206794,0.029970029970029972,0.017982017982017984,0.000999000999000999,,0.027972027972027972,,,0.08391608391608392,,,,0.16283716283716285,0.5184815184815185,0.08791208791208792
JP-TMA2-1_scene34,,,0.018901358535144713,,,0.5079740106320142,0.08860011813349085,0.04134672179562906,0.0,,0.034258712344949795,,,0.03603071470761961,,,,0.11104548139397519,0.03780271707028943,0.12404016538688718
JP-TMA2-1_scene35,,,0.13966130043905498,,,0.4037215136943341,0.030942922851766672,0.09826468743466443,0.0002090738030524775,,0.05080493414175204,,,0.03324273468534392,,,,0.12899853648337864,0.10160986828350407,0.012544428183148652
JP-TMA2-1_scene36,,,0.049174311926605506,,,0.052477064220183486,0.0029357798165137615,0.030825688073394496,0.004036697247706422,,0.3321100917431193,,,0.01761467889908257,,,,0.08110091743119266,0.3886238532110092,0.04110091743119266
JP-TMA2-1_scene37,,,0.008526187576126675,,,0.5770401948842875,0.03227771010962241,0.02679658952496955,0.0,,0.18361753958587088,,,0.05876979293544458,,,,0.015225334957369063,0.008221680876979293,0.08952496954933009
JP-TMA2-1_scene38,,,0.0,,,0.08903467666354264,0.020618556701030927,0.004686035613870665,0.004686035613870665,,0.028116213683223992,,,0.0028116213683223993,,,,0.0037488284910965324,0.7872539831302718,0.059044048734770385
JP-TMA2-1_scene39,,,0.4375967791886033,,,0.20749458036543822,0.00774233508826262,0.07246825642613812,0.006813254877671105,,0.03747290182719108,,,0.010219882316506659,,,,0.022917311861257356,0.161350263239393,0.03592443480953856
JP-TMA2-1_scene40,,,0.004554326610279766,,,0.39427456083279117,0.057905009759271306,0.044892648015614836,0.0006506180871828237,,0.017241379310344827,,,0.15907612231620039,,,,0.11093038386467144,0.0936890045543266,0.11678594664931685
JP-TMA2-1_scene41,,,0.0024893314366998577,,,0.3613086770981508,0.009246088193456615,0.10953058321479374,0.004623044096728307,,0.08072546230440968,,,0.05725462304409673,,,,0.05405405405405406,0.30405405405405406,0.016714082503556188
JP-TMA2-1_scene42,,,0.0007564296520423601,,,0.2481089258698941,0.04236006051437216,0.03252647503782148,0.01664145234493192,,0.17246596066565809,,,0.03479576399394856,,,,0.00529500756429652,0.4016641452344932,0.0453857791225416
M1,,0.002197802197802198,0.2112087912087912,0.00021978021978021978,,0.0701098901098901,,0.03362637362637363,,0.00021978021978021978,0.1742857142857143,,0.0,0.0037362637362637363,0.001978021978021978,0.001978021978021978,,0.4808791208791209,,0.01956043956043956
M10,,0.0017513134851138354,0.0017513134851138354,0.0,,0.0617338003502627,,0.10245183887915937,,0.008318739054290718,0.28896672504378285,,0.01532399299474606,0.4089316987740806,0.008318739054290718,0.01532399299474606,,0.028021015761821366,,0.05910683012259194
M11,,0.0,0.0008,0.0,,0.0544,,0.1632,,0.008,0.0768,,0.0976,0.4576,0.0024,0.0792,,0.0032,,0.0568
M12,,0.0003361344537815126,0.01310924369747899,0.0,,0.17680672268907563,,0.17008403361344537,,0.06722689075630252,0.13277310924369748,,0.07932773109243697,0.2927731092436975,0.002352941176470588,0.02722689075630252,,0.0013445378151260505,,0.03663865546218487
M13,,0.0005888125613346418,0.006084396467124632,0.0,,0.10264965652600588,,0.36702649656526004,,0.05966633954857704,0.2979391560353288,,0.04887144259077527,0.024730127576054955,0.00942100098135427,0.012561334641805692,,0.013738959764474975,,0.056722276741903825
M14,,0.0010515247108307045,0.0,0.0,,0.058885383806519455,,0.35962145110410093,,0.005257623554153523,0.29442691903259727,,0.005257623554153523,0.1661409043112513,0.012618296529968454,0.027339642481598318,,0.03680336487907466,,0.03259726603575184
M15,,0.012987012987012988,0.0,0.0,,0.0,,0.0,,0.0,0.12987012987012986,,0.0,0.12121212121212122,0.0,0.012987012987012988,,0.645021645021645,,0.07792207792207792
M16,,0.00019611688566385565,0.015101000196116886,0.001765051970974701,,0.4024318493822318,,0.3541870955089233,,0.031378701706216906,0.025102961364973524,,0.008040792312218083,0.015885467738772308,0.04451853304569523,0.009217493626201216,,0.006864090998234948,,0.0853108452637772
M17,,0.0,0.21437173825772782,0.0,,0.20553994379767163,,0.18105178643115213,,0.05178643115214773,0.1320754716981132,,0.05098354074668808,0.08189482135688479,0.008028904054596548,0.021678040947410677,,0.008430349257326376,,0.04415897230028101
M18,,0.004454342984409799,0.004454342984409799,0.0,,0.024498886414253896,,0.0645879732739421,,0.0,0.47216035634743875,,0.022271714922048998,0.17371937639198218,0.0022271714922048997,0.031180400890868598,,0.16703786191536749,,0.0334075723830735
M19,,0.0044964028776978415,0.0017985611510791368,0.0,,0.0017985611510791368,,0.0008992805755395684,,0.0008992805755395684,0.2302158273381295,,0.0,0.030575539568345324,0.30845323741007197,0.0017985611510791368,,0.40197841726618705,,0.0170863309352518
M2,,0.002955665024630542,0.0,0.0,,0.011822660098522168,,0.05123152709359606,,0.005911330049261084,0.4630541871921182,,0.0,0.2334975369458128,0.012807881773399015,0.006896551724137931,,0.09852216748768473,,0.11330049261083744
M20,,0.004048582995951417,0.0024291497975708503,0.0,,0.03562753036437247,,0.2437246963562753,,0.07125506072874493,0.1708502024291498,,0.0,0.11983805668016194,0.0,0.2834008097165992,,0.05506072874493927,,0.013765182186234818
M21,,0.00547645125958379,0.0,0.0,,0.012048192771084338,,0.008762322015334063,,0.001095290251916758,0.23877327491785322,,0.002190580503833516,0.0887185104052574,0.024096385542168676,0.17086527929901424,,0.43373493975903615,,0.014238773274917854
M22,,0.009153318077803204,0.0,0.0,,0.004576659038901602,,0.006864988558352402,,0.002288329519450801,0.10068649885583524,,0.002288329519450801,0.06636155606407322,0.0,0.016018306636155607,,0.7780320366132724,,0.013729977116704805
M23,,0.003902439024390244,0.000975609756097561,0.0,,0.02048780487804878,,0.03024390243902439,,0.001951219512195122,0.2624390243902439,,0.003902439024390244,0.0575609756097561,0.09073170731707317,0.005853658536585366,,0.2839024390243902,,0.23804878048780487
M24,,0.012345679012345678,0.0,0.0,,0.01646090534979424,,0.0,,0.0,0.3950617283950617,,0.00411522633744856,0.00411522633744856,0.0,0.15637860082304528,,0.3662551440329218,,0.04526748971193416
M25,,0.0,0.0,0.0,,0.031791907514450865,,0.002890173410404624,,0.014450867052023121,0.5982658959537572,,0.017341040462427744,0.014450867052023121,0.005780346820809248,0.03468208092485549,,0.2630057803468208,,0.017341040462427744
M26,,0.006372809346787042,0.0,0.0,,0.0010621348911311736,,0.0,,0.0,0.054168879447689854,,0.0,0.004779607010090282,0.0,0.006903876792352629,,0.9229952203929899,,0.0037174721189591076
M27,,0.004251700680272109,0.0,0.0,,0.030612244897959183,,0.008503401360544218,,0.002551020408163265,0.3818027210884354,,0.0,0.10204081632653061,0.005952380952380952,0.01020408163265306,,0.37244897959183676,,0.08163265306122448
M28,,0.00025207965717166626,0.7053188807663222,0.004537433829089992,,0.06906982606503655,,0.02546004537433829,,0.03554323166120494,0.06327199395008823,,0.004285354171918326,0.008822788001008318,0.02974539954625662,0.012351903201411647,,0.013864381144441643,,0.02747668263171162
M29,,0.001503006012024048,0.0,0.0,,0.01603206412825651,,0.3281563126252505,,0.03557114228456914,0.44639278557114226,,0.006012024048096192,0.07314629258517034,0.003006012024048096,0.002004008016032064,,0.08066132264529058,,0.00751503006012024
M3,,0.0013364517206815904,0.12094888072168393,0.015703307718008687,,0.12028065486134314,,0.13732041430003342,,0.02539258269295022,0.4463748747076512,,0.0070163715335783495,0.024390243902439025,0.006348145673237555,0.005011693952555964,,0.04911460073504845,,0.040761777480788505
M30,,0.0,0.6321392785571143,0.0,,0.14353707414829658,,0.07740480961923847,,0.025425851703406815,0.019664328657314628,,0.016533066132264528,0.025676352705410823,0.002129258517034068,0.02905811623246493,,0.000751503006012024,,0.027680360721442886
M31,,0.0,0.0,0.0,,0.002785515320334262,,0.005571030640668524,,0.005571030640668524,0.4568245125348189,,0.0,0.1392757660167131,0.0,0.022284122562674095,,0.11420612813370473,,0.25348189415041783
M32,,0.0,0.009696969696969697,0.0,,0.05333333333333334,,0.13131313131313133,,0.2678787878787879,0.06060606060606061,,0.0036363636363636364,0.34464646464646465,0.017777777777777778,0.011313131313131313,,0.0048484848484848485,,0.09494949494949495
M33,,0.00303951367781155,0.001519756838905775,0.00303951367781155,,0.010638297872340425,,0.03343465045592705,,0.0060790273556231,0.6231003039513677,,0.0,0.022796352583586626,0.0,0.004559270516717325,,0.270516717325228,,0.02127659574468085
M34,,0.0035769034236075624,0.000510986203372509,0.0,,0.007153806847215125,,0.010730710270822688,,0.0,0.4874808380173735,,0.0,0.030148185998978026,0.0,0.1267245784363822,,0.3229432805314256,,0.010730710270822688
M35,,0.0004828585224529213,0.5037823917592146,0.0,,0.25446644133268953,,0.1245774987928537,,0.0226943505552873,0.0648639948495091,,0.0,0.0020923869306293257,0.0016095284081764044,0.0006438113632705617,,0.007081924995976179,,0.017704812489940446
M36,,0.002540650406504065,0.0020325203252032522,0.0,,0.05030487804878049,,0.11636178861788618,,0.008638211382113821,0.641260162601626,,0.0,0.020833333333333332,0.008130081300813009,0.028455284552845527,,0.09502032520325203,,0.026422764227642278
M37,,0.001582994120307553,0.014246947082767978,0.0,,0.07010402532790593,,0.16304839439167798,,0.061284486657620985,0.4188150158299412,,0.0011307100859339666,0.01967435549525102,0.002939846223428313,0.003844414292175486,,0.05608322026232474,,0.18724559023066487
M38,,0.0,0.0019474196689386564,0.0009737098344693282,,0.035053554040895815,,0.029211295034079845,,0.005842259006815969,0.5618305744888024,,0.0019474196689386564,0.19571567672833495,0.0,0.0009737098344693282,,0.12366114897760468,,0.042843232716650435
M39,,0.0010822510822510823,0.007034632034632035,0.0,,0.041666666666666664,,0.12337662337662338,,0.036255411255411256,0.22186147186147187,,0.0005411255411255411,0.023268398268398268,0.004329004329004329,0.39015151515151514,,0.030303030303030304,,0.12012987012987013
M4,,0.0014299332697807435,0.04432793136320305,0.0,,0.19161105815061963,,0.06935176358436607,,0.08746425166825549,0.39466158245948524,,0.03932316491897045,0.0278836987607245,0.0009532888465204957,0.032650142993326976,,0.04003813155386082,,0.07030505243088656
M40,,0.0018355359765051395,0.17988252569750368,0.2525697503671072,,0.042584434654919234,,0.06607929515418502,,0.010279001468428781,0.2088839941262849,,0.005139500734214391,0.003303964757709251,0.011747430249632892,0.002936857562408223,,0.031938325991189426,,0.1828193832599119
M41,,0.004540295119182747,0.025728339008702233,0.0,,0.11691259931895573,,0.07340143776012108,,0.014377601210745366,0.6451002648505486,,0.0,0.01324252743094968,0.0056753688989784334,0.02686341278849792,,0.04086265607264472,,0.03329549754067348
M5,,0.001830831197363603,0.0014646649578908824,0.0,,0.05895276455510802,,0.11277920175759795,,0.10216038081288906,0.28304650311241303,,0.016111314536799707,0.1457341633101428,0.0010984987184181618,0.010984987184181618,,0.08092273892347125,,0.1849139509337239
M6,,0.0010217983651226157,0.0020435967302452314,0.0,,0.048024523160762944,,0.036103542234332424,,0.02111716621253406,0.5309945504087193,,0.0006811989100817438,0.09843324250681199,0.0,0.0034059945504087193,,0.17064032697547685,,0.08753405994550409
M7,,0.00332667997338656,0.0,0.0,,0.0,,0.0,,0.0,0.1483699268130406,,0.0,0.034597471723220224,0.0,0.1270791749833666,,0.6826347305389222,,0.003992015968063872
M8,,0.0028089887640449437,0.0009363295880149813,0.0,,0.0009363295880149813,,0.004057428214731586,,0.00031210986267166043,0.23345817727840198,,0.0,0.008114856429463172,0.0,0.001560549313358302,,0.7471910112359551,,0.0006242197253433209
M9,,0.0014134275618374558,0.0063604240282685515,0.00035335689045936394,,0.09469964664310954,,0.09222614840989399,,0.020848056537102474,0.29081272084805654,,0.017314487632508833,0.2964664310954064,0.00035335689045936394,0.05265017667844523,,0.02120141342756184,,0.10530035335689046
NB-05-12002,,,0.015804597701149427,,,0.021551724137931036,0.0617816091954023,0.027298850574712645,0.0,,0.004310344827586207,,,0.007183908045977011,,,,0.11206896551724138,0.7169540229885057,0.033045977011494254
S97-19800-C,,,0.0004578754578754579,,,0.022435897435897436,0.00641025641025641,0.020604395604395604,0.022435897435897436,,0.03388278388278388,,,0.038003663003663,,,,0.03250915750915751,0.7907509157509157,0.03250915750915751
S99-18421-D,,,0.010050251256281407,,,0.21105527638190955,0.007537688442211055,0.06030150753768844,0.0,,0.06281407035175879,,,0.035175879396984924,,,,0.18592964824120603,0.4045226130653266,0.022613065326633167
Z1,0.0,,0.0,,0.02058590657165479,,,,,,,0.505938242280285,,0.02058590657165479,,,0.012668250197941409,0.06413301662707839,0.2977038796516231,0.07838479809976247
Z11,0.0,,0.0018885741265344666,,0.014164305949008499,,,,,,,0.3871576959395656,,0.028328611898016998,,,0.012275731822474031,0.044381491973559964,0.37299338999055714,0.1388101983002833
Z12,0.0024242424242424242,,0.009696969696969697,,0.15878787878787878,,,,,,,0.05454545454545454,,0.06303030303030303,,,0.08484848484848485,0.12121212121212122,0.2545454545454545,0.2509090909090909
Z13,0.00034458993797381116,,0.0034458993797381117,,0.04376292212267402,,,,,,,0.5375603032391454,,0.019641626464507237,,,0.07822191592005513,0.06237077877325982,0.15885596140592695,0.0957960027567195
Z14,0.0,,0.0,,0.014120667522464698,,,,,,,0.5224646983311938,,0.023106546854942234,,,0.006418485237483954,0.04621309370988447,0.2644415917843389,0.12323491655969192
Z15,0.0,,0.0006329113924050633,,0.021518987341772152,,,,,,,0.5234177215189874,,0.02911392405063291,,,0.019620253164556962,0.07025316455696203,0.25759493670886074,0.07784810126582278
Z18,0.0,,0.0,,0.011267605633802818,,,,,,,0.4140845070422535,,0.0028169014084507044,,,0.07042253521126761,0.08169014084507042,0.323943661971831,0.09577464788732394
Z19,0.0,,0.03246618106139438,,0.31758584807492196,,,,,,,0.053069719042663895,,0.0959417273673257,,,0.32320499479708636,0.020395421436004164,0.03600416233090531,0.12133194588969823
Z2,0.0,,0.0028089887640449437,,0.02247191011235955,,,,,,,0.31179775280898875,,0.018726591760299626,,,0.04400749063670412,0.2602996254681648,0.23220973782771537,0.10767790262172285
Z20,0.0,,0.0014695077149155032,,0.002204261572373255,,,,,,,0.5900073475385745,,0.0213078618662748,,,0.03085966201322557,0.048493754592211606,0.18442321822189567,0.12123438648052902
Z21,0.0,,0.010926365795724466,,0.11923990498812352,,,,,,,0.4137767220902613,,0.05130641330166271,,,0.015201900237529691,0.166270783847981,0.12114014251781473,0.1021377672209026
Z22,0.0,,0.010809040288241074,,0.262364886996397,,,,,,,0.2332132328856862,,0.026203734032099576,,,0.06845725515886014,0.09695381591876842,0.16442843105142482,0.13756960366852278
Z24,0.0,,0.0024783147459727386,,0.0037174721189591076,,,,,,,0.22057001239157373,,0.009913258983890954,,,0.080545229244114,0.3420074349442379,0.24659231722428748,0.09417596034696406
Z25,0.0,,0.06697195191757298,,0.15741270749856898,,,,,,,0.38294218660560964,,0.04293073840870063,,,0.022323983972524327,0.11963365769891242,0.10246136233543217,0.10532341156267888
Z26,0.0,,0.0006020469596628537,,0.018663455749548464,,,,,,,0.49729078868151716,,0.01926550270921132,,,0.0638169777242625,0.062010836845273934,0.23239012642986154,0.10596026490066225
Z27,0.0,,0.0215,,0.36075,,,,,,,0.1835,,0.07075,,,0.036,0.04125,0.1535,0.13275
Z28,0.0,,0.30465489566613163,,0.2102728731942215,,,,,,,0.19101123595505617,,0.017335473515248796,,,0.027608346709470304,0.048154093097913325,0.12552166934189407,0.0754414125200642
Z29,0.0,,0.002028397565922921,,0.028397565922920892,,,,,,,0.04462474645030426,,0.002028397565922921,,,0.2880324543610548,0.02636916835699797,0.3894523326572008,0.21906693711967545
Z3,0.0,,0.007194244604316547,,0.026009961261759824,,,,,,,0.19092418372993913,,0.023796347537354733,,,0.09739900387382401,0.3010514665190924,0.24737133370226896,0.10625345877144439
Z30,0.0,,0.012644310060472787,,0.008796041781198461,,,,,,,0.11324903793293019,,0.0010995052226498076,,,0.01594282572842221,0.030236393622869707,0.03903243540406817,0.7789994502473887
Z31,0.0,,0.00834403080872914,,0.20089858793324775,,,,,,,0.20154043645699615,,0.028241335044929396,,,0.06546854942233633,0.04685494223363286,0.1258023106546855,0.3228498074454429
Z32,0.0,,0.0019940179461615153,,0.04287138584247258,,,,,,,0.48454636091724823,,0.05084745762711865,,,0.005982053838484547,0.07377866400797607,0.24426719840478564,0.09571286141575275
Z33,0.0,,0.17362270450751252,,0.4791318864774624,,,,,,,0.018363939899833055,,0.05175292153589316,,,0.0008347245409015025,0.02921535893155259,0.1302170283806344,0.11686143572621036
Z35,0.0,,0.015932521087160263,,0.3392689784442362,,,,,,,0.1429240862230553,,0.04498594189315839,,,0.0028116213683223993,0.05529522024367385,0.23149015932521086,0.16729147141518275
Z37,0.0,,0.0,,0.04257767548906789,,,,,,,0.29804372842347526,,0.18181818181818182,,,0.04487917146144994,0.09781357882623705,0.19792865362485615,0.13693901035673187
Z39,0.0,,0.0033333333333333335,,0.056666666666666664,,,,,,,0.42,,0.056666666666666664,,,0.0,0.15333333333333332,0.25333333333333335,0.056666666666666664
Z4,0.0,,0.0017605633802816902,,0.013204225352112676,,,,,,,0.4903169014084507,,0.04753521126760563,,,0.02992957746478873,0.17341549295774647,0.1742957746478873,0.06954225352112677
Z40,0.0,,0.009158557527189467,,0.12135088723526044,,,,,,,0.28048082427017745,,0.035489410417859184,,,0.1001717229536348,0.20835718374356038,0.16542644533485976,0.0795649685174585
Z41,0.0,,0.0018575851393188853,,0.009907120743034056,,,,,,,0.7065015479876161,,0.02476780185758514,,,0.014241486068111455,0.05572755417956656,0.13374613003095975,0.05325077399380805
Z42,0.0,,0.0,,0.0030706243602865915,,,,,,,0.6519959058341863,,0.021494370522006142,,,0.03991811668372569,0.06857727737973388,0.1699078812691914,0.04503582395087001
Z43,0.001076426264800861,,0.0,,0.04413347685683531,,,,,,,0.5026910656620022,,0.06996770721205597,,,0.02798708288482239,0.1442411194833154,0.11302475780409042,0.0968783638320775
Z44,0.0,,0.0010427528675703858,,0.011991657977059436,,,,,,,0.6652763295099061,,0.014598540145985401,,,0.03441084462982273,0.053701772679874867,0.15693430656934307,0.06204379562043796
Z46,0.0,,0.005063291139240506,,0.07974683544303797,,,,,,,0.330379746835443,,0.027848101265822784,,,0.12025316455696203,0.10253164556962026,0.2873417721518987,0.04683544303797468
Z47,0.0002864508736751647,,0.024634775136064165,,0.21827556574047552,,,,,,,0.3586364938413062,,0.024061873388713836,,,0.05041535376682899,0.09481523918647952,0.12002291606989401,0.10885133199656259
Z48,0.0,,0.04523934771173067,,0.4268805891635981,,,,,,,0.3061546554445029,,0.05128879537085744,,,0.036559705418200944,0.03051025775907417,0.06654392425039453,0.03682272488164124
Z49,0.0,,0.01646090534979424,,0.19977553310886645,,,,,,,0.3060231949120838,,0.02543958099513655,,,0.05499438832772166,0.08080808080808081,0.21099887766554434,0.10549943883277217
Z5,0.0,,0.0037509377344336083,,0.010502625656414103,,,,,,,0.4163540885221305,,0.021005251312828207,,,0.21605401350337583,0.07876969242310577,0.1800450112528132,0.07351837959489872
Z50,0.0,,0.0008598452278589854,,0.006878761822871883,,,,,,,0.471195184866724,,0.004299226139294927,,,0.0,0.43852106620808257,0.05932932072226999,0.018916595012897677
Z51,0.0006009615384615385,,0.012620192307692308,,0.08653846153846154,,,,,,,0.4104567307692308,,0.03125,,,0.02283653846153846,0.060697115384615384,0.21574519230769232,0.15925480769230768
Z52,0.00038580246913580245,,0.05864197530864197,,0.32137345679012347,,,,,,,0.17554012345679013,,0.07600308641975309,,,0.0038580246913580245,0.16010802469135801,0.16280864197530864,0.04128086419753087
Z54,0.0,,0.006329113924050633,,0.056962025316455694,,,,,,,0.25949367088607594,,0.007911392405063292,,,0.33069620253164556,0.0379746835443038,0.1439873417721519,0.15664556962025317
Z55,0.0,,0.006806930693069307,,0.04826732673267327,,,,,,,0.3997524752475248,,0.11448019801980198,,,0.11138613861386139,0.0922029702970297,0.08044554455445545,0.14665841584158415
Z56,0.0,,0.007497116493656286,,0.18858131487889274,,,,,,,0.12053056516724336,,0.1522491349480969,,,0.01730103806228374,0.4232987312572088,0.0461361014994233,0.04440599769319493
Z57,0.00034940600978336826,,0.045422781271837874,,0.36163522012578614,,,,,,,0.2809224318658281,,0.02830188679245283,,,0.017470300489168415,0.04821802935010482,0.13731656184486374,0.0803633822501747
Z58,0.0,,0.0017574692442882249,,0.04481546572934974,,,,,,,0.10720562390158173,,0.07996485061511424,,,0.07557117750439367,0.24340949033391915,0.18629173989455183,0.2609841827768014
Z59,0.0,,0.044293015332197615,,0.5830020821502934,,,,,,,0.00946431951542684,,0.10164679159568427,,,0.0003785727806170736,0.022903653227332954,0.0344501230361537,0.20386144236229414
Z6,0.0,,0.05826906598114824,,0.054841473864610114,,,,,,,0.27335047129391604,,0.027420736932305057,,,0.024850042844901457,0.27163667523564694,0.2159383033419023,0.07369323050556983
Z60,0.0,,0.10046082949308756,,0.41405529953917053,,,,,,,0.12465437788018432,,0.033640552995391704,,,0.017511520737327188,0.020276497695852536,0.1774193548387097,0.1119815668202765
Z61,0.0,,0.002172338884866039,,0.07241129616220131,,,,,,,0.5235336712527154,,0.05430847212165098,,,0.055756698044895005,0.09485879797248371,0.1325126719768284,0.06444605358435916
Z62,0.0,,0.1414319248826291,,0.1784037558685446,,,,,,,0.32922535211267606,,0.0892018779342723,,,0.01056338028169014,0.06572769953051644,0.11091549295774648,0.07453051643192488
Z63,0.0,,0.0019157088122605363,,0.005747126436781609,,,,,,,0.4674329501915709,,0.019157088122605363,,,0.020114942528735632,0.03735632183908046,0.29022988505747127,0.15804597701149425
Z64,0.0,,0.0,,0.01776061776061776,,,,,,,0.4301158301158301,,0.016216216216216217,,,0.11583011583011583,0.15212355212355214,0.18455598455598454,0.0833976833976834
Z65,0.0,,0.0006203473945409429,,0.03784119106699752,,,,,,,0.4205955334987593,,0.013647642679900745,,,0.016129032258064516,0.23573200992555832,0.18362282878411912,0.09181141439205956
Z66,0.0,,0.012698412698412698,,0.07142857142857142,,,,,,,0.594047619047619,,0.017857142857142856,,,0.04880952380952381,0.028174603174603175,0.11468253968253968,0.1123015873015873
Z67,0.0,,0.00375,,0.02875,,,,,,,0.3525,,0.02375,,,0.305,0.025,0.1525,0.10875
Z69,0.0,,0.0009337068160597573,,0.04388422035480859,,,,,,,0.3510737628384687,,0.04948646125116713,,,0.035480859010270774,0.21288515406162464,0.2511671335200747,0.055088702147525676
Z70,0.000493339911198816,,0.001973359644795264,,0.00986679822397632,,,,,,,0.6319684262456833,,0.017760236803157376,,,0.028120374938332512,0.06561420818944252,0.17710902812037493,0.06709422792303897
Z72,0.0,,0.09647919524462735,,0.2697759487882945,,,,,,,0.12391403749428441,,0.07270233196159122,,,0.01188843164151806,0.02423411065386374,0.11659807956104253,0.28440786465477824
Z8,0.0,,0.10388888888888889,,0.0811111111111111,,,,,,,0.105,,0.07111111111111111,,,0.1738888888888889,0.08222222222222222,0.20944444444444443,0.17333333333333334
Z9,0.0,,0.04996577686516085,,0.3408624229979466,,,,,,,0.12628336755646818,,0.05920602327173169,,,0.0270362765229295,0.1700889801505818,0.1327857631759069,0.09377138945927448
